PROFILE_ID,ID,ON_TIME,OFF_TIME,HRS,STATUS
-1,PAC002,16:38,16:38,0.0,DONE
-1,PAC003,16:40,16:41,0.0166666666666666,DONE
-1,PAC003,16:41,16:41,0.0,DONE
-1,PAC003,16:41,16:43,0.0333333333333333,DONE
-1,PAC001,16:41,16:43,0.0333333333333333,DONE
1,PAC001,16:43,23:00,0.0,ONGOING
1,PAC002,16:43,23:00,0.0,ONGOING
1,PAC003,16:43,16:43,0.0,DONE
1,PAC004,16:43,23:00,0.0,ONGOING
1,PAC005,16:43,23:00,0.0,ONGOING
-1,PAC003,16:43,16:43,0.0,DONE
