PROFILE_ID,ID,ON_TIME,OFF_TIME,HRS,STATUS
-1,PAC001,20:5,00:07,-19.966666666666665,DONE
-1,PAC002,20:30,13:06,-7.4,DONE
-1,PAC001,0:7,13:06,12.983333333333333,DONE
-1,PAC002,13:6,00:00,0.0,ONGOING
-1,PAC001,13:6,00:00,0,ONGOING
